<?xml version="1.0" encoding="UTF-8"?>
<beans xmlns="http://www.springframework.org/schema/beans"
      xmlns:context="http://www.springframework.org/schema/context"
      xmlns:mvc="http://www.springframework.org/schema/mvc"
      xmlns:tx="http://www.springframework.org/schema/tx"
      xmlns:xsi="http://www.w3.org/2001/XMLSchema-instance"
      xsi:schemaLocation="
        http://www.springframework.org/schema/beans    
        http://www.springframework.org/schema/beans/spring-beans-4.1.xsd
        http://www.springframework.org/schema/mvc
        http://www.springframework.org/schema/mvc/spring-mvc-4.1.xsd
        http://www.springframework.org/schema/context
        http://www.springframework.org/schema/context/spring-context-4.1.xsd">
   
      <context:component-scan base-package="net.javaonline.spring.jasper.controller"/>
	  <mvc:annotation-driven />	
	  
	  <bean id="messageSource" class="org.springframework.context.support.ResourceBundleMessageSource">
        <property name="basename" value="messages"/>
    </bean>
	  <bean class="org.springframework.web.servlet.view.InternalResourceViewResolver">
        <property name="prefix" value="/Pages/" />
        <property name="suffix" value=".jsp" />
    </bean>
    


</beans>